name,gender,pronounce
آبان دخت,f,abandokht
آبتاب,f,abtab
آبگین,f,abgin
آبگینه,f,abgine
آبنوس,f,abnus
آپام,f,apam
آپامه,f,apame
آتاناز,f,atanaz
آتبین,f,atbin
آترا,f,atra
آتری,f,atri
آتریسا,f,atrisa
آترین,f,atarin
آترینا,f,atrina
آتش,f,atash
آتشه,f,atashe
آتنا,f,atena
آتور,f,atur
آتوسا,f,atoosa
آتیه,f,atiye
آدینه,f,adine
آذر,f,azar
آذربو,f,azarbu
آذرچهر,f,azarchehr
آذرخش,f,azarakhsh
آذردخت,f,azardokht
آذرگل,f,azargol
آذرگون,f,azargun
آذرماه,f,azarmah
آذرمه,f,azarmah
آذرمیدخت,f,azarmidokht
آذرمینا,f,azarmina
آذرنوش,f,azarnush
آذرک,f,azarak
آذرین,f,azarin
آذین,f,azin
آذین دخت,f,azindokht
آراسته,f,araste
آرام,f,aram
آرامش,f,aramesh
آرامه,f,arame
آرتا,f,arta
آرتادخت,f,artadokht
آرتمیس,f,artemis
آرتینا,f,artina
آرزو,f,arezu
آرشیدا,f,arshida
آرمیتا,f,armita
آرمیتی,f,armiti
آرمینا,f,armina
آرمینه,f,armine
آرنوش,f,arnush
آرنیکا,f,arnika
آریادخت,f,ariyadokht
آریان,f,ariyan
آریانا,f,ariyana
آریاناز,f,ariyanaz
آریانوش,f,ariyanush
آریسا,f,arisa
آریسان,f,arisan
آریستا,f,arista
آریستا,f,arista
آرینا,f,ariyana
آزادچهر,f,azadchehr
آزاددخت,f,azaddokht
آزاده,f,azade
آزرم,f,azarm
آزرمیدخت,f,azarmidokht
آژند,f,azhand
آسادخت,f,asadokht
آسانا,f,asana
آسمان,f,aseman
آسنا,f,asna
آسوده,f,asude
آسیا,f,asiya
آسیه,f,asiye
آشتی,f,ashti
آشنا,f,ashna
آصفه,f,asefe
آفاق,f,afaq
آفتاب,f,aftab
آفریده,f,afaride
آفرین,f,afarin
آگرین,f,agarin
آلاله,f,alale
آلتین,f,altin
آلما,f,alma
آمال,f,amal
آمستریس,f,amesteris
آمنه,f,amene
آمیتیس,f,amitis
آمین,f,amin
آنا,f,ana
آنالی,f,anali
آناهیتا,f,anahita
آناهید,f,anahid
آنسه,f,anese
آنوش,f,anush
آنوشا,f,anusha
آنیتا,f,anita
آنیسا,f,anisa
آهنگ,f,ahang
آوا,f,ava
آوات,f,avat
آوازه,f,avaze
آوید,f,avid
آویز,f,aviz
آویز,f,aviz
آویژه,f,avizhe
آویژه,f,avizhe
آویسا,f,avisa
آویشن,f,avishan
آوین,f,avin
آوینا,f,avina
آیتن,f,aytan
آیتک,f,aytak
آیدا,f,ayda
آیدان,f,aydan
آیرین,f,ayrin
آیسان,f,aysan
آیسل,f,aysel
آیگین,f,aygin
آیلا,f,ayla
آیلا,f,ayla
آیلار,f,aylar
آیلین,f,aylin
آیما,f,ayma
آینا,f,ayna
آیناز,f,aynaz
آیه,f,ayeh
آیین,f,ayin
ابتسام,f,ebtesam
ابریشم,f,abrisham
احترام,f,ehteram
احسان,f,ehsan
احلام,f,ahlam
اختر,f,akhtar
اخگر,f,akhgar
ارتا,f,arta
ارزنده,f,arzande
ارسا,f,orsa
ارسان,f,arsan
ارشانوش,f,arshanush
ارشیا,f,arshiya
ارشین,f,arshin
ارغوان,f,arqavan
ارمغان,f,armagan
ارنواز,f,arnavaz
اروین,f,arvin
اسپنتا,f,espanta
اسرا,f,esra
اسرین,f,asrin
اسما,f,asma
اسنا,f,asna
اشرف,f,ashraf
اصیلا,f,asila
اطلس,f,atlas
اطلسی,f,atlasi
اطهر,f,athar
اعظم,f,azam
افرا,f,afra
افروز,f,afruz
افرینا,f,afrina
افسانه,f,afsane
افشان,f,afshan
افشین,f,afshin
اقاقیا,f,aqaqiya
اقبال,f,eqbal
اقدس,f,aqdas
اقلیما,f,eqlima
الارا,f,alar
الحان,f,alhan
الما,f,alma
الماس,f,almas
المیرا,f,elmira
الناز,f,elnaz
الهام,f,elham
الهه,f,elahe
الیزه,f,elize
الیسا,f,alisa
الینا,f,elina
الیکا,f,elika
اماندا,f,amanda
امل,f,amal
امیرا,f,amira
امینا,f,amina
امینه,f,amine
اندیشه,f,andishe
انسیه,f,ansieh
انوش,f,anoosh
انوشا,f,anusha
انوشه,f,anushe
انیس,f,anis
انیسا,f,anisa
انیسه,f,anise
اولدوز,f,oldoz
اوین,f,avin
اکرم,f,akram
ایپک,f,ipak
ایران,f,iran
ایرانا,f,irana
ایرانه,f,irane
ایرسا,f,irsa
ایرن,f,iren
ایلقار,f,ilqar
ایناس,f,inas
باران,f,baran
بارین,f,barin
بالنده,f,balande
بالنده,f,balande
بامی,f,bami
بامین,f,bamin
بامیک,f,bamik
باوان,f,bavan
باور,f,bavar
باوند,f,bavand
بتول,f,batul
بدری,f,badri
بردبار,f,bordbar
برزین,f,barzin
برشید,f,barshid
برفین,f,barfin
برلیان,f,bereliyan
برنا,f,borna
برومند,f,boroomand
بشری,f,boshra
بلقیس,f,belqis
بلور,f,bolur
بلورین,f,bolurin
بلوط,f,balut
بنفشه,f,banafshe
بهار,f,bahar
بهاران,f,baharan
بهاردخت,f,bahardokht
بهاره,f,bahare
بهارک,f,baharak
بهامین,f,bahamin
بهان,f,behan
بهاور,f,bahavar
بهجت,f,behjat
بهدخت,f,behdokht
بهدیس,f,behdis
بهرامه,f,bahrame
بهرخ,f,behrokh
بهرو,f,behru
بهروزه,f,behruze
بهسا,f,behsa
بهشته,f,beheshte
بهشید,f,behshid
بهناز,f,behnaz
بهنوش,f,behnush
بهی,f,behi
بهین,f,behin
بهینا,f,behina
بهینا,f,behina
بهینه,f,behine
بوستان,f,bustan
بیان,f,bayan
بیتا,f,bita
بیتا,f,bita
بیدار,f,bidar
بیدخت,f,bidokht
بیدگل,f,bidgol
بینا,f,bina
پادمیرا,f,padmira
پارلا,f,parla
پارمیدا,f,parmida
پارمیس,f,parmis
پارمین,f,parmin
پالیز,f,paliz
پالیز,f,paliz
پانته آ,f,pantea
پانیا,f,paniya
پانیذ,f,paniz
پاکدل,f,pakdel
پاکدین,f,pakdin
پاکنوش,f,paknush
پدیده,f,padide
پرارین,f,pararin
پربها,f,porbaha
پرتو,f,parto
پردیس,f,pardis
پرسا,f,porsa
پرستش,f,parastesh
پرستو,f,parasto
پرستوک,f,parastuk
پرسیا,f,persiya
پرگشا,f,pargosha
پرگل,f,porgol
پرمیس,f,parmis
پرن,f,paran
پرنا,f,parna
پرند,f,parand
پرندخت,f,parandokht
پرندوش,f,parandosh
پرنوش,f,pornush
پرنون,f,parnun
پرنیا,f,parniya
پرنیان,f,parniyan
پروا,f,parva
پروانه,f,parvane
پروشات,f,porushat
پروین,f,parvin
پری,f,pari
پریا,f,pariya
پریان,f,pariyan
پریسا,f,parisa
پریسان,f,parisan
پریوش,f,parivash
پژال,f,pezhal
پژواک,f,pezhvak
پگاه,f,pegah
پوپک,f,pupak
پوران,f,puran
پونه,f,pune
پیراسته,f,piraste
پیمانه,f,peymane
پینار,f,pinar
پیوند,f,peivand
تابا,f,taba
تابان,f,taban
تابش,f,tabesh
تابنده,f,tabande
تارا,f,tara
تارادخت,f,taradokht
تافته,f,tafte
تالیا,f,taliya
تامارا,f,tamara
تامیلا,f,tamila
تانسو,f,tansu
تانیا,f,taniya
تایماز,f,taymaz
تبسم,f,tabassom
تحفه,f,tohfe
ترانه,f,tarane
ترلان,f,tarlan
ترمه,f,terme
تسنیم,f,tasnim
تلما,f,telma
تلناز,f,telnaz
تمنا,f,tamanna
تمیم,f,tamim
تندیس,f,tandis
تهمینه,f,tahmine
توتیا,f,tutiya
توران,f,turan
توسکا,f,tuska
توفان,f,tufan
توکا,f,tuka
تکتم,f,taktam
تیارا,f,tiyara
تیام,f,tiyam
تیبا,f,tiba
تیراژه,f,tirazhe
تیساگل,f,tisagol
تیما,f,tima
تینا,f,tina
تیهو,f,teyhu
ثریا,f,sorayya
ثمر,f,samar
ثمره,f,samare
ثمین,f,samin
ثمینا,f,samina
ثمینه,f,samine
ثنا,f,sana
جانا,f,jana
جانانه,f,janane
جاندخت,f,jandokht
جانمهر,f,janmehr
جلوه,f,jelve
جمیله,f,jamile
جنان,f,jenan
جنت,f,jannat
جوانه,f,javane
جواهر,f,javaher
جیحون,f,jeyhun
چمان,f,chaman
چمانه,f,chamane
چمن,f,chaman
چهرآذر,f,chehrazar
چهرزاد,f,chehrzad
چهره,f,chehre
حارثه,f,harese
حانیه,f,hanieh
حبیبه,f,habibe
حدیث,f,hadis
حدیثه,f,hadise
حدیقه,f,hadiqe
حرمت,f,hormat
حره,f,horre
حسان,f,hesan
حسانه,f,hesane
حسنی,f,hosna
حشمت,f,heshmat
حفصه,f,hafse
حلما,f,holma
حلیا,f,halya
حلیمه,f,halime
حلیه,f,helye
حماسه,f,hamase
حمیده,f,hamide
حمیرا,f,homeyira
حنا,f,hana
حنیفه,f,hanife
حوا,f,hava
حورا,f,hoora
حوری,f,huri
حوریا,f,hooria
حوریه,f,huriye
حکیمه,f,hakime
حیات,f,hayat
خاشعه,f,khasheee
خاطره,f,khatere
خالده,f,khalede
خاور,f,khavar
خجسته,f,khojaste
خدیجه,f,khadije
خرامان,f,kharaman
خضرا,f,khazra
خورشاد,f,khorshad
خورشید,f,khorshid
خورشید,f,khorshid
خوشاب,f,khoshab
خوشنوا,f,khoshnava
خوشه,f,khushe
خیزران,f,kheyzaran
دادآفرید,f,dadafarid
دادآفرین,f,dadafarin
دالیا,f,dalia
دامینه,f,damine
دانیا,f,daniya
دایانا,f,dayana
درا,f,dor®a
درخشا,f,derakhshan
درخشان,f,derakhshan
درسا,f,dorsa
درناز,f,dornaz
دروار,f,dorvar
دریا,f,darya
درین,f,dorin
دل آرام,f,delaram
دلارام,f,delaram
دلبر,f,delbar
دلپذیر,f,delpazir
دلجو,f,delju
دلخوش,f,delkhosh
دلدار,f,deldar
دلستان,f,delsetan
دلشاد,f,delshad
دلفروز,f,delforuz
دلگشا,f,delgosha
دلناز,f,delnaz
دلنواز,f,delnavaz
دلیار,f,delyar
دلیله,f,dalile
دنا,f,dena
دنیا,f,donya
دیانا,f,diyana
دیبا,f,diba
دیبارخ,f,dibarokh
دیدار,f,didar
دیلان,f,dilan
دینا,f,dina
ذکیه,f,zakiye
رأفت,f,rafat
رؤیا,f,roya
رائیکا,f,raika
رابعه,f,rabeee
راتا,f,rata
راحل,f,rahel
راحله,f,rahele
راحیل,f,rahil
رازمهر,f,razmehr
راژان,f,razhan
راضیه,f,raziye
رافونه,f,rafune
رامدخت,f,ramdokht
رامش,f,ramesh
رامک,f,ramak
رامینا,f,ramina
رامینه,f,ramine
راوش,f,ravash
راوک,f,ravak
راویز,f,raviz
راویس,f,ravis
رایان,f,rayan
رایحه,f,rayehe
رایکا,f,raika
رباب,f,robab
ربابه,f,robabe
ربیعه,f,rabiy‛e
رحیمه,f,rahime
رخساره,f,rokhsare
رخسانا,f,rokhsana
رخشا,f,rakhsha
رخشاد,f,rokhshad
رخشان,f,rakhshan
رخشانه,f,rakhshane
رخشنده,f,rakhshande
رخشیده,f,rokhshide
رزان,f,razan
رزمین,f,razmin
رسا,f,rasa
رسپینا,f,raspina
رستا,f,rosta
رستاک,f,rastak
رشاد,f,rashad
رضوان,f,rezvan
رضیه,f,raziye
رعنا,f,rana
رفعت,f,rafat
رفیعه,f,rafiee
رقیه,f,roqiye
رمیصا,f,romaysa
رها,f,raha
روجا,f,roja
رودابه,f,rudabe
روزانا,f,ruzana
روژا,f,ruzha
روژان,f,ruzhan
روژانو,f,ruzhanu
روژیا,f,ruzhiya
روژیار,f,ruzhyar
روژین,f,rozhin
روژینا,f,rozhina
روسانا,f,rusana
روشا,f,rusha
روشان,f,roshan
روشن,f,roshan
روشنا,f,roshna
روشنک,f,roshanak
رومینا,f,romina
روناک,f,ronak
رونیا,f,runiya
رونیکا,f,ronika
رکسانه,f,roksane
ریحان,f,reyhan
ریحانه,f,reyhane
زادمهر,f,zadmehr
زبیده,f,zabideh
زرافشان,f,zarafshan
زردخت,f,zardokht
زردیس,f,zardis
زرگیسو,f,zargisu
زرنگار,f,zarnegar
زرنوش,f,zarnush
زری,f,zari
زرین,f,zarrin
زرینه,f,zarrine
زلال,f,zolal
زمانه,f,zamane
زمزم,f,zamzam
زهرا,f,zahra
زهره,f,zohre
زهیرا,f,zohayra
زوشا,f,zusha
زکیه,f,zakiye
زیبا,f,ziba
زیبان,f,ziban
زیبنده,f,zibande
زیتون,f,zeytoon
زینب,f,zeynab
زینت,f,zinat
زیور,f,zivar
ژاسمن,f,zhasman
ژاسمین,f,zhasamin
ژاله,f,zhale
ژوان,f,zhovan
ژینا,f,zhina
ژینو,f,zhinu
ژینوس,f,zhinoos
ژیوار,f,zhivar
ژیکان,f,zhikan
ساتین,f,satin
ساجده,f,sajede
ساحل,f,sahel
سارا,f,sara
سارای,f,saray
سارگل,f,sargol
ساره,f,sare
سارینا,f,sarina
ساغر,f,saqar
ساقی,f,saqi
سالومه,f,salume
سالی,f,sali
سام,f,sam
سامه,f,same
سامینا,f,samina
سامیه,f,samiye
ساناز,f,sanaz
سانای,f,sanay
سانلی,f,sanli
سانیا,f,saniya
ساهره,f,sahere
ساوا,f,sava
ساوالان,f,savalan
ساویز,f,saviz
ساویس,f,savis
ساوین,f,savin
سایا,f,saya
سایان,f,sayan
ساینا,f,sayna
سایه,f,saye
سبا,f,saba
سپنتا,f,sepanta
سپیتا,f,sepita
سپیده,f,sepide
سپینود,f,sepinud
ستاتیرا,f,setatira
ستاره,f,setare
ستایش,f,setayesh
ستوده,f,sotude
ستی,f,seti
ستیا,f,setiya
سحر,f,sahar
سحرناز,f,nazsahar
سدن,f,saden
سدنا,f,sadena
سرایه,f,soraye
سرنا,f,sorna
سرو,f,sarv
سرور,f,sarvar
سروش,f,sorush
سروگل,f,sarvgol
سروناز,f,sarvnaz
سروین,f,sarvin
سریرا,f,sarira
سعیده,f,saeide
سلاله,f,solale
سلدا,f,solda
سلما,f,selma
سلمی,f,salmi
سلیمه,f,salime
سما,f,sama
سمان,f,saman
سمانه,f,samane
سمر,f,samar
سمن,f,saman
سمیرا,f,samira
سمیه,f,somayye
سنا,f,sana
سنبل,f,sonbol
سندس,f,sondos
سها,f,soha
سهی,f,sohi
سهیلا,f,soheila
سوتیام,f,sutiyam
سودا,f,soda
سودابه,f,sudabe
سوده,f,sude
سوره,f,sure
سوری,f,suri
سوریا,f,suriya
سوزان,f,suzan
سوسن,f,susan
سوفیا,f,soofia
سوگل,f,sogol
سوگند,f,sogand
سولماز,f,solmaz
سونا,f,sona
سونای,f,sonay
سونیا,f,suniya
سویل,f,sevil
سوین,f,sevin
سکینه,f,sakine
سیرانوش,f,siranush
سیما,f,sima
سیمین,f,simin
سیمینه,f,simine
سیندخت,f,sindokht
شاداب,f,shadab
شادان,f,shadan
شاددل,f,shaddel
شادرو,f,shadru
شادروز,f,shadruz
شادفر,f,shadfar
شادلین,f,shadlin
شادمان,f,shadman
شادمانه,f,shadmaneh
شادمهر,f,shadmehr
شادناز,f,shadnaz
شادنوش,f,shadnush
شادکام,f,shadkam
شادی,f,shadi
شادیا,f,shadiya
شادیان,f,shadiyan
شادیانه,f,shadiyane
شارمین,f,sharmin
شارین,f,sharin
شارینا,f,sharina
شانا,f,shana
شاندیز,f,shandiz
شاهنده,f,shahande
شاهیده,f,shahide
شایا,f,shaya
شایسته,f,shayeste
شاین,f,shayen
شاینا,f,shayna
شباب,f,shabab
شباهنگ,f,shabahang
شبنم,f,shabnam
شراره,f,sharare
شرافت,f,sherafat
شرمین,f,sharmin
شرمین دخت,f,sharmindokht
شرمینه,f,sharmine
شروین,f,sharvin
شعله,f,shoele
شفق,f,shafaq
شفیعه,f,shafiee
شفیقه,f,shafiqe
شقایق,f,shaqayeq
شلیر,f,shalir
شمایل,f,shamayel
شمسا,f,shamsa
شمسی,f,shamsi
شمشاد,f,shemshad
شمیرا,f,shomira
شمیس,f,shamis
شمیسا,f,shamisa
شمیلا,f,shomila
شمیم,f,shamim
شمیمه,f,shamime
شناسا,f,shenasa
شهاب,f,shahab
شهپر,f,shahpar
شهدخت,f,shahdokht
شهراز,f,shahraz
شهربانو,f,shahrbanu
شهرزاد,f,shahrzad
شهرزاد,f,shahrzad
شهرنوش,f,shahrnush
شهره,f,shohre
شهزاد,f,shahzad
شهگل,f,shahgol
شهلا,f,shahla
شهناز,f,shahnaz
شهیره,f,shahire
شهین,f,shahin
شورانگیز,f,shurangiz
شوکا,f,shuka
شوکت,f,shokat
شکفته,f,shekofte
شکوفا,f,shokoofa
شکوفه,f,shokoofeh
شکوه,f,shokuh
شکوهنده,f,shokoohandeh
شکوهه,f,shokuhe
شکیبا,f,shakiba
شکیلا,f,shakila
شیبا,f,shiba
شیدا,f,sheyda
شیدرخ,f,shidrokh
شیده,f,shide
شیرین,f,shirin
شیفته,f,shifte
شیلان,f,shilan
شیلر,f,shiler
شیما,f,shima
شینا,f,shina
شیوا,f,shiva
شیوه,f,shive
صابره,f,sabere
صابرین,f,saberin
صالحه,f,salehe
صبا,f,saba
صبا,f,saba
صبرینه,f,sabrine
صبریه,f,sabriye
صداقت,f,sedaghat
صدف,f,sadaf
صدیقه,f,seddiqe
صغری,f,soqra
صفورا,f,safura
صفیه,f,safiye
صنم,f,sanam
صهبا,f,sahba
صوفیا,f,sufiya
صونا,f,sona
ضحا,f,zoha
طاهره,f,tahere
طاووس,f,tavus
طراوت,f,taravat
طلا,f,tala
طلایه,f,talaye
طلعت,f,taleat
طلوع,f,tolue
طلیعه,f,taliee
طناز,f,tannaz
طنان,f,tannan
طنین,f,tanin
طهورا,f,tahura
طوبی,f,tuba
طیبه,f,tayyebe
ظریف,f,zarif
ظریفه,f,zarife
عابده,f,abede
عادله,f,adele
عارفه,f,arefe
عاصفه,f,asefe
عاطفه,f,atefe
عاقله,f,aqele
عالم,f,alam
عالمه,f,aleme
عالیه,f,aliye
عایشه,f,ayeshe
عذرا,f,azra
عرشیان,f,arshiyan
عرفان,f,erfan
عرفانه,f,erfane
عزت,f,ezzat
عزیزه,f,azize
عسل,f,asal
عصمت,f,esmat
عطرین,f,atrin
عطیه,f,attiye
عظیمه,f,azime
عفت,f,effat
عفیفه,f,afife
عقیق,f,aqiq
عقیله,f,aqile
علویه,f,alavieh
عهدیه,f,ahdiye
غانیه,f,qaniye
غزال,f,qazal
غزاله,f,qazale
غزل,f,qazal
غنچه,f,qonche
فائزه,f,faezeh
فائقه,f,faeqe
فاخته,f,fakhte
فارهه,f,farehe
فاطمه,f,fatemeh
فانیذ,f,faniz
فایدیم,f,faydim
فتانه,f,fattane
فخرالزمان,f,fakhrozzaman
فخرجهان,f,fakhrejahan
فخری,f,fakhri
فخیمه,f,fakhime
فراز,f,faraz
فرازنده,f,farazande
فرانه,f,farane
فرانک,f,faranak
فرح,f,farah
فرحانه,f,farhane
فرحناز,f,farahnaz
فرخنده,f,farkhonde
فردوس,f,ferdos
فردیس,f,fardis
فرزانه,f,farzane
فرستو,f,farastu
فرسیما,f,farSima
فرشته,f,fereshte
فرشیده,f,farshide
فرگل,f,fargol
فرمهر,f,farmehr
فرناز,f,farnaz
فرنگیس,f,farangis
فرنوش,f,farnush
فرنیا,f,farniya
فرنیان,f,farniyan
فرهت,f,farhat
فرهور,f,farrehvar
فروردین,f,farvardin
فروز,f,foruz
فروزا,f,foruza
فروزان,f,foruzan
فروزش,f,foruzesh
فروزنده,f,foruzande
فروغ,f,foruq
فریار,f,faryar
فریبا,f,fariba
فریدخت,f,faridokht
فریده,f,faride
فریرخ,f,farirokh
فریرو,f,fariru
فریسا,f,farisa
فریما,f,farima
فریمانه,f,farimane
فریماه,f,farimah
فرین,f,farin
فرینا,f,farina
فریوش,f,farivash
فصیحه,f,fasihe
فضه,f,fezze
فضیلت,f,fazilat
فهیمه,f,fahimeh
فوزیه,f,fuziye
فوژان,f,fuzhan
فیروزه,f,firuze
قدسی,f,qodsi
قدسیه,f,ghodsieh
قدیسه,f,qeddise
قمر,f,qamar
قمرالزمان,f,qamarozzaman
قمرسیما,f,qamarsima
قمرناز,f,ghamarnaz
گردآفرید,f,gordafarid
گردآفرین,f,gordafarin
گردیا,f,gordiya
گردیه,f,gordiye
گشتا,f,gashta
گلاب,f,golab
گلابتون,f,golabetoon
گلاره,f,gelareh
گلاله,f,golale
گلاویژ,f,gelavizh
گلباد,f,golbad
گلباران,f,golbaran
گلبان,f,golban
گلبر,f,golbar
گلبرگ,f,golbarg
گلبن,f,golbon
گلبو,f,golbu
گلبو,f,golbu
گلبوته,f,golbooteh
گلپاد,f,golpad
گلچهر,f,golchehr
گلچین,f,golchin
گلدیس,f,goldis
گلرخ,f,golrokh
گلرخسار,f,golrokhsar
گلرنگ,f,golrang
گلرو,f,golru
گلریز,f,golriz
گلزاد,f,golzad
گلزار,f,golzar
گلسا,f,golsa
گلسان,f,golsan
گلستان,f,golestan
گلستانه,f,golestane
گلشا,f,golsha
گلشن,f,golshan
گلشید,f,golshid
گلعذار,f,golazar
گلفام,f,golfam
گلفشان,f,golfeshan
گلگون,f,golgun
گلنار,f,golnar
گلناز,f,golnaz
گلنام,f,golnam
گلنوش,f,golnoosh
گلی,f,goli
گلیار,f,golyar
گلین,f,golin
گهرچهر,f,goharchehr
گهردخت,f,gohardokht
گهرناز,f,goharnaz
گوارا,f,govara
گوهر,f,gohar
گوهرشاد,f,goharshad
گوهرشید,f,goharshid
گوهرناز,f,goharnaz
گوهرین,f,goharin
گیتا,f,gita
گیتی,f,giti
گیسو,f,gisu
گیلار,f,gilar
گیلدا,f,gilda
لاچین,f,lachin
لادن,f,ladan
لاریسا,f,larisa
لاله,f,lale
لبخند,f,labkhand
لعبت,f,lo‛bat
لعیا,f,la‛ya
لمیا,f,lamya
لنا,f,lana
لیا,f,liya
لیان,f,layan
لیلا,f,leyla
لیلی,f,leyli
لیلیا,f,lailiya
لینا,f,lina
مائده,f,maedeh
ماتینا,f,matina
ماجده,f,majede
مارال,f,maral
ماری,f,mari
ماریا,f,mariya
مارینا,f,marina
ماریه,f,mariye
مامک,f,mamak
مانا,f,mana
ماندان,f,mandan
ماندانا,f,mandana
ماندگار,f,mandegar
مانلی,f,manli
مانوشاک,f,manushak
مانیا,f,maniya
ماهبد,f,mahbod
ماهتا,f,mahta
ماهتاب,f,mahtab
ماهتیسا,f,mahtisa
ماهرخ,f,mahrokh
ماهرو,f,mahru
ماهنی,f,mahni
ماهوار,f,mahvar
ماهوار,f,mahvar
ماهور,f,mahvar
ماهک,f,mahak
ماهکان,f,mahakan
ماهین,f,mahin
مایا,f,maya
مبارکه,f,mobarake
مبینا,f,mobina
متینه,f,matine
محبت,f,mohabbat
محبوب,f,mahbub
محبوبه,f,mahbube
محترم,f,mohtaram
محدثه,f,mohaddese
محسنه,f,mohsene
محیا,f,mahya
مدیا,f,mediya
مرجان,f,marjan
مرحمت,f,marhamat
مرسا,f,morsa
مرسده,f,mercede
مرصع,f,morassa
مرضیه,f,marzie
مرمر,f,marmar
مرمرین,f,marmarin
مروا,f,morva
مروارید,f,morvarid
مریس,f,maris
مریم,f,maryam
مژده,f,mozhde
مژگان,f,mozhgan
مستوره,f,masture
مسرور,f,masrur
مسیحا,f,masiha
مشکات,f,meshkat
مشکین,f,meshkin
مشیما,f,mashima
معصوم,f,masum
معصومه,f,masume
مقدسه,f,moqaddase
مقصوده,f,maqsude
ملاحت,f,malahat
ملوک,f,moluk
ملیحه,f,malihe
ملیسا,f,malisa
ملینا,f,melina
ملیکا,f,melika
ملیکه,f,malike
منا,f,mona
منال,f,manal
منصوره,f,mansure
منظر,f,manzar
منیر,f,monir
منیره,f,monire
منیژه,f,manizhe
مه فروز,f,mahforuz
مه فروغ,f,mahforuq
مها,f,meha
مهبان,f,mehban
مهتا,f,mahta
مهتاب,f,mahtab
مهتاج,f,mahtaj
مهدا,f,mahda
مهدخت,f,mahdokht
مهدیس,f,mahdis
مهدیسا,f,mahdissa
مهر,f,mehr
مهرآذر,f,mehrazar
مهرآذین,f,mehrazin
مهرآسا,f,mehrasa
مهرا,f,mehra
مهرافروز,f,mehrafruz
مهرافزا,f,mehrafza
مهرانا,f,mehrana
مهراندیش,f,mehrandish
مهرانگیز,f,mehrangiz
مهرانه,f,mehrane
مهربان,f,mehrban
مهربان,f,mehrban
مهربانو,f,mehrbanu
مهردخت,f,mehrdokht
مهرزاد,f,mehrzad
مهرسا,f,mehrsa
مهرشید,f,mehrshid
مهرگان,f,mehregan
مهرگل,f,mehrgol
مهرناز,f,mehrnaz
مهرنسا,f,mehrnesa
مهرنگار,f,mehrnegar
مهرنوش,f,mehrnush
مهرو,f,mahru
مهروز,f,mahruz
مهروش,f,mehrvash
مهروی,f,mahruy
مهرک,f,mehrak
مهرکیش,f,mehrkish
مهری,f,mehri
مهریز,f,mehriz
مهرین,f,mehrin
مهسا,f,mahsa
مهسان,f,mahsan
مهستی,f,mahasti
مهشاد,f,mahshad
مهشید,f,mahshid
مهفام,f,mahfam
مهلا,f,mahla
مهنا,f,mohanna
مهناز,f,mahnaz
مهنوش,f,mahnush
مهنیا,f,mahnia
مهوش,f,mahvash
مهکامه,f,mahkame
مهین,f,mahin
موژان,f,muzhan
مولود,f,molood
مونا,f,mona
مونس,f,munes
مکرمه,f,mokarrame
مکیه,f,makieh
میترا,f,mitra
میسا,f,maysa
میشا,f,misha
میشانه,f,mishane
میمنت,f,meymanat
مینا,f,mina
مینو,f,minu
مینوچهر,f,minuchehr
مینورخ,f,minurokh
میهن,f,mihan
نائله,f,naele
نائیریکا,f,nairika
ناتاشا,f,natasha
نادره,f,nadere
نادیا,f,nadiya
نادیه,f,nadiye
ناربن,f,narbon
ناردانه,f,nardane
نارگل,f,nargol
نارگون,f,nargun
نارون,f,narvan
نارون,f,narvan
نارین,f,narin
نارینا,f,narina
نازآفرید,f,nazafarid
نازآفرین,f,nazafarin
نازبو,f,nazbu
نازپری,f,nazpari
نازجهان,f,nazejahan
نازدخت,f,nazdokht
نازگیتی,f,nazgiti
نازمهر,f,nazmehr
نازنین,f,nazanin
نازی,f,nazi
نازیتا,f,nazita
نازیلا,f,nazila
نازیک,f,nazik
ناژین,f,nazhin
ناهید,f,nahid
نایریکا,f,nayrika
نجلا,f,najla
نجمه,f,najme
نجوا,f,najva
ندا,f,neda
ندیمه,f,nadime
نرجس,f,narjes
نرگس,f,narges
نزهت,f,nozhat
نسا,f,nesa
نستر,f,nastar
نسترن,f,nastaran
نسرین,f,nasrin
نسیبه,f,nasibeh
نسیم,f,nasim
نصرت,f,nosrat
نصیبه,f,nasibe
نظاره,f,nazare
نعنا,f,nana
نغمه,f,naqme
نفیسا,f,nafisa
نفیسه,f,nafise
نقره,f,noqre
نگار,f,negar
نگاره,f,negare
نگاه,f,negah
نگین,f,negin
نهال,f,nahal
نهضت,f,nehzat
نوا,f,nava
نوازش,f,navazesh
نوال,f,naval
نوبر,f,nobar
نوبهار,f,nobahar
نورا,f,nura
نورافشان,f,nurafshan
نوران,f,nuran
نورسته,f,norasteh
نوری,f,nuri
نورین,f,nurin
نوریه,f,nuriye
نوژان,f,nuzhan
نوشاد,f,nushad
نوشان,f,nushan
نوشید,f,nooshid
نوشین,f,nushin
نوشینه,f,nushine
نونا,f,nuna
نکیسا,f,nakisa
نیاز,f,niyaz
نیایش,f,niyayesh
نیتا,f,nita
نیروانا,f,nirvana
نیسا,f,neysa
نیلا,f,nila
نیلرام,f,nilram
نیلگون,f,nilgun
نیلوفر,f,nilufar
نیلیا,f,niliya
نیوان,f,nivan
نیوشا,f,niyusha
نیکتا,f,nikta
نیکدخت,f,nikdokht
نیکرخ,f,nikrokh
نیکناز,f,niknaz
نیکو,f,niku
نیکی,f,niki
هاجر,f,hajar
هاله,f,hale
هانیا,f,haniya
هانیه,f,haniye
هایده,f,hayede
هدی,f,hoda
هدیه,f,hediyeh
هرانوش,f,haranush
هستی,f,hasti
هلن,f,helen
هلنا,f,helena
هلیا,f,helia
هما,f,homa
همایون,f,homayun
همتا,f,hamta
همدم,f,hamdam
همراز,f,hamraz
همیلا,f,hamila
هنگامه,f,hengameh
هوپاد,f,hopad
هوداد,f,hodad
هورچهر,f,hurchehr
هورداد,f,hurdad
هوردخت,f,hurdokht
هورشاد,f,hurshad
هورشید,f,hurshid
هوری,f,huri
هوزان,f,huzan
هومان,f,human
هومهر,f,humehr
هونیا,f,huniya
هویار,f,huyar
هویدا,f,hoveyda
هیدیکا,f,hidika
هیلا,f,hila
هیلدا,f,hilda
هیوا,f,hiva
وارسته,f,varaste
واله,f,valeh
والیه,f,valiye
وجیهه,f,vajihe
وحیده,f,vahide
ورجا,f,varja
ورقا,f,varqa
وستا,f,vosta
وصال,f,vesal
وفا,f,vafa
وندا,f,vanda
ونوشه,f,vanushe
ویانا,f,viyana
ویدا,f,vida
ویس,f,veys
ویستا,f,vista
وینا,f,vina
ویونا,f,vauona
کامله,f,kamele
کامنوش,f,kamnush
کامیشا,f,kamisha
کاناز,f,kanaz
کانی,f,kani
کبری,f,kobra
کبریا,f,kebriya
کتایون,f,kataun
کرامت,f,keramat
کرانه,f,karane
کریمه,f,karime
کژال,f,kazhal
کلاله,f,kolale
کلثوم,f,kolsum
کمند,f,kamand
کوثر,f,kosar
کوکب,f,kokab
کیارا,f,kiyara
کیارنگ,f,kiyarang
کیازاد,f,kiyazad
کیانا,f,kiana
کیاندخت,f,kiandokht
کیانوش,f,kiyanush
کیمیا,f,kimia
کیهانه,f,keyhane
کیوان,f,keyvan
یادمهر,f,yadmehr
یاس,f,yas
یاسمن,f,yasaman
یاسمین,f,yasamin
یاسمینا,f,yasamina
یاشیل,f,yashil
یسرا,f,yosra
یسنا,f,yasna
یغما,f,yaqma
یگانه,f,yegane
یلدا,f,yalda
یمنا,f,yomna
یوکابد,f,yukabod
یکتا,f,yekta
آباقا,m,abagha
آبان,m,aban
آبتین,m,abtin
آبگین,m,abgin
آتا,m,ata
آتبین,m,atbin
آترین,m,atarin
آتش,m,atash
آتیلا,m,atila
آتین,m,atin
آدیش,m,adish
آدینه,m,adine
آذران,m,azaran
آذرباد,m,azarbad
آذرچهر,m,azarchehr
آذرخش,m,azarakhsh
آذرشب,m,azarshab
آذرنگ,m,azarang
آذرنوش,m,azarnush
آذرین,m,azarin
آذین,m,azin
آراد,m,arad
آراز,m,araz
آراس,m,aras
آراسته,m,araste
آرام,m,aram
آران,m,aran
آرتا,m,arta
آرتاباز,m,artabaz
آرتابان,m,artaban
آرتان,m,artan
آرتمیس,m,artemis
آرتین,m,artin
آردین,m,ardin
آرسام,m,arsam
آرش,m,arash
آرشا,m,arsha
آرشام,m,arsham
آرشان,m,arshan
آرشاویر,m,arshavir
آرمان,m,arman
آرمین,m,armin
آروین,m,arvin
آریا,m,ariya
آریابد,m,ariyabod
آریاراد,m,ariyarad
آریاز,m,ariyaz
آریامن,m,ariyaman
آریان,m,ariyan
آریانا,m,ariyana
آرین,m,aryan
آریو,m,ariu
آزاد,m,azad
آزادمهر,m,azadmehr
آژند,m,azhand
آسایش,m,asayesh
آستیاژ,m,astiyazh
آسیدات,m,asidat
آشور,m,ashur
آصف,m,asef
آمین,m,amin
آنیل,m,anil
آوید,m,avid
آکام,m,akam
آیت,m,ayat
آیدین,m,aydin
آیریک,m,ayrik
آیین,m,ayin
ائلمان,m,elman
اباذر,m,abazar
ابتهاج,m,ebtehaj
ابوالفضل,m,abolfazl
ابوالقاسم,m,abolqasem
ابوبکر,m,abubakr
ابوذر,m,abuzar
احد,m,ahad
احسان,m,ehsan
احمد,m,ahmad
احمدرضا,m,ahmadreza
احیا,m,ahya
اخشید,m,akhshid
ادریس,m,edris
ادهم,m,adham
ادیب,m,adib
ارتا,m,arta
ارجاسب,m,arjasb
ارجمند,m,arjmand
اردشیر,m,ardeshir
اردلان,m,ardalan
اردوان,m,ardavan
اردیان,m,ardiyan
ارزین,m,arzin
ارژنگ,m,arzhang
ارسام,m,arsam
ارسطو,m,arastu
ارسلان,m,arsalan
ارشاد,m,ershad
ارشام,m,arsham
ارشان,m,arshan
ارشانوش,m,arshanush
ارشاک,m,arshak
ارشک,m,arashk
ارشیا,m,arshiya
ارمیا,m,ermiya
اروند,m,arvand
اروین,m,arvin
ارکان,m,arkan
ارکین,m,arkin
اریس,m,eris
اسامه,m,osame
اسپندیار,m,espandyar
اسحاق,m,eshaq
اسد,m,asad
اسدالله,m,asadollah
اسرافیل,m,esrafil
اسعد,m,asead
اسفندیار,m,esfandyar
اسلام,m,eslam
اسماعیل,m,esmaeil
اسکندر,m,eskandar
اشتاد,m,ashtad
اشراق,m,eshraq
اشرف,m,ashraf
اشکان,m,ashkan
اشکبوس,m,ashkbus
اصغر,m,asqar
اصلان,m,aslan
اعتماد,m,eetemad
اعلا,m,aela
افراسیاب,m,afrasiyab
افشار,m,afshar
افشین,m,afshin
افضل,m,afzal
افلاطون,m,aflatun
اقاقیا,m,aqaqiya
اقبال,m,eqbal
البرز,m,alburz
الماس,m,almas
الوند,m,alvand
الیار,m,elyar
الیاس,m,elyas
امان,m,aman
امید,m,omid
امیدوار,m,omidvar
امیر,m,amir
امیرپارسا,m,amirparsa
امیرحسین,m,amirhoseyn
امیررضا,m,amirreza
امیرطاها,m,amirtaha
امیرعباس,m,amirabbas
امیرعلی,m,amirali
امیرمحمد,m,amirmohammad
امیرمهدی,m,amirmahdi
امیرنظام,m,amirnezam
امین,m,amin
امینا,m,amina
انوش,m,anoosh
انوشروان,m,anooshirvan
انوشیروان,m,anushirvan
اهورا,m,ahura
اوتانا,m,otana
اوحد,m,owhad
اورند,m,oorand
اوریا,m,oriya
اوستا,m,avesta
اویس,m,oveys
اوین,m,avin
اکبر,m,akbar
اکتای,m,oktay
ایاز,m,ayaz
ایثار,m,isar
ایرج,m,iraj
ایزدداد,m,izaddad
ایزدیار,m,izadyar
ایلقار,m,ilqar
ایلیا,m,iliya
ایلیار,m,ilyar
ایمان,m,iman
ایوب,m,ayyub
بابک,m,babak
باتیس,m,batis
باران,m,baran
بارسین,m,barsin
بارمان,m,barman
بازیار,m,bazyar
باستان,m,bastan
باقر,m,baqer
بامداد,m,bamdad
بامشاد,m,bamshad
باور,m,bavar
بایا,m,baya
بختیار,m,bakhtiar
برات,m,barat
برانوش,m,baranush
برزان,m,borzan
برزین,m,barzin
برنا,m,borna
برهان,m,borhan
بروسکه,m,boruske
برومند,m,boroomand
برین,m,barin
بزرگ,m,bozorg
بسام,m,bassam
بستور,m,bastur
بسیم,m,basim
بشیر,m,bashir
بصیر,m,basir
بلال,m,belal
بنیامین,m,benyamin
بها,m,baha
بهادر,m,bahador
بهامد,m,bahamad
بهان,m,behan
بهبد,m,behbod
بهبود,m,behbud
بهتاش,m,behtash
بهجت,m,behjat
بهداد,m,behdad
بهرام,m,bahram
بهرنگ,m,behrang
بهزاد,m,behzad
بهستان,m,behestan
بهستون,m,behestun
بهسود,m,behsud
بهشاد,m,behshad
بهلول,m,bohlul
بهمن,m,bahman
بهمنش,m,behmanesh
بهمنیار,m,bahmanyar
بهنام,m,behnam
بهنیا,m,behniya
بکتاش,m,baktash
بیدار,m,bidar
بیژن,m,bizhan
پادرا,m,padra
پارسا,m,parsa
پارسان,m,parsan
پارسیا,m,parsiya
پاشا,m,pasha
پاکان,m,pakan
پاکدین,m,pakdin
پاکمهر,m,pakmehr
پایا,m,paya
پدرام,m,pedram
پرهام,m,parham
پرویز,m,parviz
پژمان,m,pezhman
پژواک,m,pezhvak
پهلبد,m,pahlbod
پوربه,m,purbe
پوریا,m,pooria
پولاد,m,pulad
پویا,m,puya
پویان,m,puyan
پیام,m,payam
پیروز,m,piruz
پیروزان,m,piruzan
پیروزه,m,piruze
پیروزه,m,piruze
پیمان,m,peyman
تابا,m,taba
تابان,m,taban
تارخ,m,tarokh
تایماز,m,taymaz
تخشا,m,tokhsha
تراب,m,torab
ترخان,m,tarkhan
تقی,m,taqi
تمیم,m,tamim
تهماسب,m,tahmasb
تهمورث,m,tahmures
تهمورس,m,tahmures
تهمین,m,tahmin
توان,m,tavan
توانا,m,tavana
توحید,m,tohid
تورال,m,tural
تورج,m,turaj
تورنگ,m,turang
توفیق,m,tofigh
تکاور,m,takavar
تکین,m,takin
تیام,m,tiyam
تیران,m,tiran
تیرداد,m,tirdad
تیگران,m,tigran
تیما,m,tima
تیمور,m,teymur
ثاقب,m,saqeb
ثمر,m,samar
ثمین,m,samin
جابان,m,jaban
جابر,m,jaber
جاماسب,m,jamasb
جانان,m,janan
جانیار,m,janyar
جاهد,m,jahed
جاوید,m,javid
جبار,m,jabbar
جبریل,m,jebril
جرجیس,m,jerjis
جریر,m,jarir
جستان,m,jastan
جعفر,m,jafar
جلال,m,jalal
جلایر,m,jalayer
جلیل,m,jalil
جمال,m,jamal
جمشید,m,jamshid
جنید,m,jonaid
جهان,m,jahan
جهاندار,m,jahandar
جهانگیر,m,jahangir
جواد,m,javad
جوان,m,javan
جوانشیر,m,javanshir
جویا,m,juya
جویان,m,juyan
چابک,m,chabok
چاووش,m,chavush
چهرآذر,m,chehrazar
حاتم,m,hatam
حافظ,m,hafez
حامد,m,hamed
حامی,m,hami
حبیب,m,habib
حبیب الله,m,habibollah
حجت,m,hojjat
حسام,m,hesam
حسان,m,hesan
حسن,m,hasan
حسیب,m,hasib
حسین,m,hoseyn
حشمت,m,heshmat
حلیم,m,halim
حمدالله,m,hamdollah
حمزه,m,hamze
حمید,m,hamid
حمیدالدین,m,hamidoddin
حمیدرضا,m,hamidreza
حنیف,m,hanif
حنین,m,hanin
حکمت,m,hekmat
حکیم,m,hakim
حیدر,m,heydar
خالد,m,khaled
خالق,m,khaleq
خاور,m,khavar
خدیو,m,khadiv
خردادبه,m,khordadbeh
خردمند,m,kharadmand
خرم,m,khorram
خسرو,m,khosro
خسروشاد,m,khosroshad
خشایار,m,khashayar
خشنود,m,khoshnud
خضر,m,khezr
خلیل,m,khalil
خوشنام,m,khoshnam
خیام,m,khayyam
خیرالله,m,kheyrollah
داتام,m,datam
داتیس,m,datis
دادآفرید,m,dadafarid
دادآفرین,m,dadafarin
دادار,m,dadar
دادبه,m,dadbeh
دادجو,m,dadju
دادفر,m,dadfar
دادگر,m,dadgar
دادمهر,m,dadmehr
دارا,m,dara
داراب,m,darab
داریا,m,dariya
داریو,m,daryu
داریوش,m,daryush
دامون,m,damun
دانا,m,dana
دانش,m,danesh
دانوش,m,danush
دانیال,m,daniyal
داور,m,davar
داوود,m,davud
دایان,m,dayan
دستان,m,dastan
دلاور,m,delavar
دلشاد,m,delshad
دلیر,m,dalir
دها,m,daha
دیاکو,m,diyako
دیهیم,m,deyhim
ذبیح,m,zabih
ذوالفقار,m,zolfeqar
ذکا,m,zaka
رئوف,m,rauf
رادبرزین,m,radbarzin
رادمان,m,radman
رادمنش,m,radmanesh
رادمهر,m,radmehr
رازاوه,m,razave
راژان,m,razhan
راستین,m,rastin
راشا,m,rasha
راشد,m,rashed
راشین,m,rashin
رامان,m,raman
رامبد,m,rambod
رامتین,m,ramtin
رامی,m,rami
رامیاد,m,ramyad
رامیار,m,ramyar
رامین,m,ramin
رایا,m,raya
رایان,m,rayan
رایکا,m,raika
ربیع,m,rabi‛
رجا,m,raja
رحمان,m,rahman
رحمت,m,rahmat
رحیم,m,rahim
رخشان,m,rakhshan
رسا,m,rasa
رسام,m,rassam
رستم,m,rostam
رسول,m,rasul
رشاد,m,rashad
رشنواد,m,rashnavad
رشید,m,rashid
رشیدالدین,m,rashidoddin
رضا,m,reza
رضوان,m,rezvan
رضی,m,raziy
رعد,m,raed
رفعت,m,rafat
رفیع,m,rafie
رهام,m,roham
رهان,m,rahan
رهی,m,rahi
روجیار,m,rujyar
روزبه,m,ruzbeh
روزبهان,m,ruzbehan
روزمهر,m,ruzmehr
ریونیز,m,rivniz
زادان,m,zadan
زادفرخ,m,zadfarrokh
زاگرس,m,zagros
زامیاد,m,zamyad
زانا,m,zana
زانیار,m,zanyar
زاهر,m,zaher
زاور,m,zavar
زاوش,m,zavosh
زراسپ,m,zarasp
زرتشت,m,zartosht
زردشت,m,zardosht
زرمان,m,zarman
زرمهر,m,zarmehr
زروان,m,zarvan
زعیم,m,zaeim
زمان,m,zaman
زوشا,m,zusha
زکریا,m,zakariya
زید,m,zeyd
زیرک,m,zirak
ژابیز,m,zhabiz
ژوبین,m,zhobin
ژورک,m,zhurak
ژیار,m,zhiyar
ژیان,m,zhiyan
ساتگین,m,satgin
ساتیار,m,satyar
سارو,m,saru
ساسان,m,sasan
ساعد,m,saed
ساعی,m,saei
سالار,m,salar
سالم,m,salem
سام,m,sam
سامان,m,saman
سامر,m,samer
سامیا,m,samya
سامیار,m,samyar
سامین,m,samin
سانا,m,sana
سانان,m,sanan
سانیار,m,sanyar
ساوا,m,sava
ساوالان,m,savalan
ساوان,m,savan
سبحان,m,sobhan
سپنتا,m,sepanta
سپند,m,sepand
سپهر,m,sepehr
سپهراد,m,sepahrad
سپهرداد,m,sepehrdad
سپهرم,m,sepahram
ستار,m,sattar
ستایش,m,setayesh
سجاد,m,sajjad
سحاب,m,sahab
سدیف,m,sadif
سراج,m,seraj
سرافراز,m,sarafraz
سردار,m,sardar
سرو,m,sarv
سرور,m,sarvar
سروش,m,sorush
سزاوار,m,sezavar
سعد,m,saed
سعدالدین,m,saedoddin
سعید,m,saeid
سقراط,m,soqrat
سلمان,m,salman
سلیم,m,salim
سلیمان,m,soleyman
سمان,m,saman
سمیر,m,samir
سمیع,m,samie
سنا,m,sana
سنباد,m,sanbad
سنجر,m,sanjar
سها,m,soha
سهراب,m,sohrab
سهند,m,sahand
سهیل,m,soheyl
سوران,m,suran
سورن,m,suren
سورنا,m,sorena
سورین,m,surin
سوشا,m,sosha
سوشیانت,m,sushiyant
سوشیانس,m,sushiyans
سوما,m,suma
سیامک,m,siyamak
سیاوش,m,siavash
سیاووش,m,siyavush
سیبویه,m,sibuye
سیروان,m,sirvan
سیروس,m,sirus
سینا,m,sina
شاپور,m,shapur
شادان,m,shadan
شادمان,m,shadman
شادمهر,m,shadmehr
شادن,m,shaden
شاندیز,m,shandiz
شانلی,m,shanli
شاهپور,m,shahpur
شاهد,m,shahed
شاهرخ,m,shahrokh
شاهنده,m,shahande
شاهین,m,shahin
شاور,m,shavor
شاوگ,m,shavag
شاکر,m,shaker
شایان,m,shayan
شایگان,m,shaygan
شاینا,m,shayna
شایورد,m,shayvard
شباب,m,shabab
شباویز,m,shabaviz
شبیر,m,shobayr
شرف,m,sharaf
شروان,m,sharvan
شروین,m,sharvin
شریف,m,sharif
شعیب,m,shoeayb
شفا,m,shafa
شفق,m,shafaq
شفیع,m,shafie
شمس,m,shams
شنتیا,m,shantiya
شهاب,m,shahab
شهباز,m,shahbaz
شهبال,m,shahbal
شهداد,m,shahdad
شهراد,m,shahrad
شهرام,m,shahram
شهران,m,shahran
شهرخ,m,shahrokh
شهرخ,m,shahrokh
شهرداد,m,shahrdad
شهرنوش,m,shahrnush
شهروز,m,shahruz
شهریار,m,shariar
شهزاد,m,shahzad
شهنام,m,shahnam
شهیار,m,shahyar
شوان,m,shovan
شوکت,m,shokat
شکرالله,m,shokrollah
شکور,m,shakur
شکیب,m,shakib
شیث,m,sheys
شیدوش,m,shidvash
شیردل,m,shirdel
شیرزاد,m,shirzad
شیرو,m,shiru
شیرویه,m,shiruye
شیوه,m,shive
صائب,m,saeb
صابر,m,saber
صاحب,m,saheb
صادق,m,sadeq
صارم,m,sarem
صاعد,m,saeed
صالح,m,saleh
صانع,m,sanee
صاین,m,sayen
صباح,m,sabah
صداقت,m,sedaghat
صدر,m,sadr
صدرا,m,sadra
صدرالدین,m,sadroddin
صدوق,m,saduq
صدیق,m,seddiq
صفا,m,safa
صفدر,m,safdar
صفی,m,safi
صلاح,m,salah
صمد,m,samad
صمصام,m,samsam
صمیم,m,samim
صنعان,m,sanan
ضحا,m,zoha
ضرغام,m,zarqam
ضیا,m,ziya
ضیغم,m,zeyqam
طارق,m,tareq
طالب,m,taleb
طاها,m,taha
طاهر,m,taher
طلحه,m,talhe
طه,m,taha
طهمورث,m,tahmures
طوفان,m,tufan
طیب,m,tayyeb
ظریف,m,zarif
ظفر,m,zafar
ظهیرالدین,m,zahiroddin
عابد,m,abed
عادل,m,adel
عارف,m,aref
عاشور,m,ashur
عاصم,m,asem
عاطف,m,atef
عامر,m,amer
عاکف,m,akef
عباد,m,ebad
عبادالله,m,ebadollah
عباس,m,abbas
عبدالباقی,m,abdolbaqi
عبدالجبار,m,abodoljabbar
عبدالجلیل,m,abodoljalil
عبدالحسین,m,abdolhoseyn
عبدالحق,m,abdolhagh
عبدالحلیم,m,abdolhalim
عبدالحی,m,abdolhay
عبدالرحمان,m,abdolrahman
عبدالرحیم,m,abdolrahim
عبدالرزاق,m,abdolrazzaq
عبدالرشید,m,abdolraŝid
عبدالرضا,m,abdorreza
عبدالعزیز,m,abdolaziz
عبدالعظیم,m,abdolazim
عبدالغفار,m,abdolqffar
عبدالفتاح,m,abdolfttah
عبدالقادر,m,abdolqader
عبدالقاهر,m,abdolqaher
عبداللطیف,m,abdollatif
عبدالله,m,abdollah
عبدالملک,m,abdolmalek
عبدالواحد,m,abdolvahed
عبدالکریم,m,abdolkarim
عبیدالله,m,obeydollah
عثمان,m,osman
عدنان,m,adnan
عرشیا,m,arshiya
عرفان,m,erfan
عزالدین,m,ezodin
عزت,m,ezzat
عزیز,m,aziz
عزیزالله,m,azizollah
عسکر,m,askar
عطا,m,ata
عظیم,m,azim
عقیل,m,aqil
علی,m,ali
علیم,m,alim
عماد,m,emad
عمادالدین,m,emadoddin
عمار,m,ammar
عمران,m,emran
عمید,m,amid
عمیدالدین,m,amidoddin
عنایت,m,enayat
عیسی,m,isa
غالب,m,qaleb
غدیر,m,qadir
غفور,m,qafur
غلامرضا,m,qolamreza
غلامعلی,m,qolamali
غیاث,m,qiyas
فؤاد,m,foad
فائز,m,faez
فاتح,m,fateh
فاروق,m,faruq
فاریاب,m,faryab
فاضل,m,fazel
فاطر,m,fater
فتاح,m,fattah
فتح الله,m,fathollah
فخرالدین,m,fakhroddin
فرابرز,m,faraborz
فراز,m,faraz
فرازان,m,farazan
فرازمان,m,farazman
فراست,m,ferasat
فرامرز,m,faramarz
فراهین,m,farahin
فراوک,m,farawk
فربود,m,farbud
فربین,m,farbin
فرتاش,m,fartash
فرج,m,faraj
فرجاد,m,farjad
فرجام,m,farjam
فرحان,m,farhan
فرحت,m,farhat
فرداد,m,fardad
فردوس,m,ferdos
فردین,m,fardin
فرزاد,m,farzad
فرزام,m,farzam
فرزان,m,farzan
فرزان,m,farzan
فرزین,m,farzin
فرساد,m,farsad
فرشاد,m,farshad
فرشید,m,farshid
فرشیدورد,m,farshidvard
فرصت,m,forsat
فرطوس,m,fartus
فرقان,m,forqan
فرمند,m,farmand
فرناد,m,farnad
فرنام,m,farnam
فرناک,m,farnak
فرند,m,ferend
فرنود,m,farnud
فرنور,m,farnur
فرنوش,m,farnush
فرهاد,m,farhad
فرهام,m,farham
فرهان,m,farrehan
فرهمند,m,farremand
فرهنگ,m,farhang
فرهومند,m,farreumand
فرواک,m,farvak
فرود,m,forud
فروهر,m,foruhar
فریان,m,faryan
فریبرز,m,faryborz
فرید,m,farid
فریدالدین,m,faridoddin
فریدون,m,fereydun
فریمان,m,fariman
فرینوش,m,farinush
فضل,m,fazl
فیاض,m,fayyaz
فیروز,m,firuz
فیض,m,feyz
قائد,m,qaed
قائم,m,qaem
قابوس,m,qabus
قادر,m,qader
قارن,m,qaran
قاسم,m,qasem
قاهر,m,qaher
قباد,m,qobad
قدرت,m,qodrat
قدیر,m,qadir
قهار,m,qahhar
قهرمان,m,ghahraman
گرامی,m,gerami
گردآفرید,m,gordafarid
گردآفرین,m,gordafarin
گرسیوز,m,garsivaz
گشتاسب,m,gashtasp
گشواد,m,gashvad
گلباد,m,golbad
گودرز,m,gudarz
لاوین,m,lavin
لبیب,m,labib
لطیف,m,latif
لقمان,m,loqman
لهراسب,m,lohrasb
لیث,m,lais
لیلیا,m,lailiya
ماجد,m,majed
ماردین,m,mardin
مازار,m,mazar
مازیار,m,mazyar
ماشاءالله,m,mashallah
مالک,m,malek
مانا,m,mana
مانلی,m,manli
مانی,m,mani
مانی,m,mani
مانیا,m,maniya
ماهان,m,mahan
ماهد,m,mahed
ماهر,m,maher
ماهیار,m,mahyar
ماکان,m,makan
مبارک,m,mobarak
مبین,m,mobin
متین,m,matin
مجتبی,m,mojtaba
مجد,m,majd
مجدالدین,m,majddoddin
مجید,m,majid
مجیر,m,mojir
مجیرالدین,m,mojiroddin
محتشم,m,mohtasham
محدث,m,mohaddes
محراب,m,mehrab
محسن,m,mohsen
محمد,m,mohammad
محمدآئین,m,mohammadain
محمدامین,m,mohammadamin
محمدپارسا,m,mohammadparsa
محمدجواد,m,mohammadjavad
محمدحسین,m,mohammadhoseyn
محمدرضا,m,mohammadreza
محمدعلی,m,mohammadali
محمدمتین,m,mohammadmatin
محمدمهدی,m,mohammadmahdi
محمدیاسین,m,mohammadyasin
محمود,m,mahmud
محیط,m,mohit
مختار,m,mokhtar
مراد,m,morad
مرتضی,m,morteza
مرسل,m,morsal
مرصاد,m,mersad
مروان,m,marvan
مزدا,m,mazda
مزدک,m,mazdak
مسرور,m,masrur
مسعود,m,masud
مسلم,m,moslem
مسیح,m,masih
مسیحا,m,masiha
مشتاق,m,moshtaq
مشهور,m,mashhur
مشکات,m,meshkat
مشکان,m,moshkan
مشیا,m,mashiya
مشیر,m,moshir
مصباح,m,mesbah
مصطفی,m,mostafa
مصفا,m,mosaffa
مصلح,m,mosleh
مصیب,m,mosib
مطهر,m,motahhar
مظاهر,m,mazaher
مظفر,m,mozaffar
مظفرالدین,m,mozaffaroddin
مظهر,m,mazhar
معتصم,m,moetasem
معتمد,m,motamed
معراج,m,meeraj
معصوم,m,masum
معید,m,moeid
معین,m,moein
مقبل,m,moqbel
مقداد,m,meqdad
مقصود,m,maqsud
مقیما,m,moqima
ملکان,m,malakan
منذر,m,monzer
منشور,m,manshur
منصور,m,mansur
منوچهر,m,manuchehr
مهام,m,maham
مهان,m,mahan
مهبد,m,mahbod
مهبود,m,mahbud
مهداد,m,mehdad
مهدی,m,mahdi
مهدی,m,mehdi
مهدیار,m,mahdyar
مهرآزاد,m,mehrazad
مهراد,m,mehrad
مهراز,m,mehraz
مهراس,m,mehras
مهرام,m,mahram
مهران,m,mehran
مهربد,m,mehrbod
مهرپرور,m,mehrparvar
مهرتاش,m,mehrtash
مهرجو,m,mehrju
مهرداد,m,mehrdad
مهردار,m,mehrdar
مهرزاد,m,mehrzad
مهرسام,m,mehrsam
مهرشاد,m,mehrshad
مهرگان,m,mehregan
مهرنوش,m,mehrnush
مهرنیا,m,mehrniya
مهرک,m,mehrak
مهریاد,m,mehryad
مهریار,m,mehryar
مهرین,m,mehrin
مهزیار,m,mahziyar
مهنام,m,mahnam
مهند,m,mahnad
مهیاد,m,mahyad
مهیار,m,mahyar
موسی,m,musa
میثاق,m,misaq
میثم,m,meysam
میران,m,miran
میشا,m,misha
میعاد,m,miead
میلاد,m,milad
میلان,m,milan
میکائیل,m,mikaeil
نادر,m,nader
ناصر,m,naser
ناصرالدین,m,naseroddin
نامجو,m,namju
نامدار,m,namdar
نامور,m,namvar
نامی,m,nami
نایب,m,nayeb
نبی,m,nabi
نجات,m,nejat
نجیب,m,najib
نرسی,m,narsi
نریمان,m,nariman
نزهت,m,nozhat
نستوه,m,nastuh
نشاط,m,neshat
نشواد,m,nashvad
نصر,m,nasr
نصرالدین,m,nasroddin
نصرالله,m,nasrollah
نصرت,m,nosrat
نصیر,m,nasir
نصیرالدین,m,nasiroddin
نعمت,m,neemat
نعیم,m,naeim
نعیما,m,naeima
نقی,m,naqi
نهاد,m,nahad
نوا,m,nava
نوبخت,m,nobakht
نوبهار,m,nobahar
نوذر,m,nozar
نورالدین,m,nuroddin
نورالله,m,nurollah
نورهان,m,noorhan
نوروز,m,norooz
نوری,m,nuri
نویان,m,noviyan
نوید,m,navid
نوین,m,novin
نکیسا,m,nakisa
نیاسان,m,niyasan
نیاوش,m,niyavash
نیاوند,m,niyavand
نیما,m,nima
نیوان,m,nivan
نیوزاد,m,nivzad
نیوشا,m,niyusha
نیکان,m,nikan
نیکاو,m,nikaw
نیکدل,m,nikdel
نیکزاد,m,nikzad
نیکنام,m,niknam
نیکو,m,niku
هابیل,m,habil
هاتف,m,hatef
هادی,m,hadi
هارپاک,m,harpak
هارون,m,harun
هاشم,m,hashem
هامان,m,haman
هانی,m,hani
هجیر,m,hojir
هرمزد,m,hormozd
همام,m,homam
همایون,m,homayun
همت,m,hemmat
همتا,m,hamta
هنرمند,m,honarmand
هوتن,m,hotan
هوداد,m,hodad
هودین,m,hodin
هورا,m,hura
هوراد,m,hurad
هورمزد,m,hurmazd
هوزان,m,huzan
هوشمند,m,hushmand
هوشنگ,m,hushang
هوشیار,m,hushyar
هومان,m,human
هومن,m,human
هونام,m,hunam
هویدا,m,hoveyda
هیدی,m,hidi
هیراد,m,hirad
هیربد,m,hirbad
هیرمند,m,hirmand
هیرو,m,hiroo
هیرود,m,hirud
هیژا,m,heyzha
هیمن,m,himan
هیوا,m,hiva
واجد,m,vajed
واران,m,varan
وارسته,m,varaste
وارش,m,varesh
واسپور,m,vaspur
وافی,m,vafi
والا,m,vala
واهب,m,vaheb
وثوق,m,vosuq
وحید,m,vahid
وحیدالدین,m,vahidoddin
وخشور,m,vakhshur
ودود,m,vadud
ودیع,m,vadie
ورجاوند,m,varjavand
وستا,m,vosta
وشمگیر,m,voshmgir
وصال,m,vesal
وفا,m,vafa
وفادار,m,vafadar
وقار,m,vaghar
ولا,m,vala
ولی,m,vali
ولید,m,valid
وندا,m,vanda
ونداد,m,vandad
وهاب,m,vahhab
وهب,m,vahab
ویس,m,veys
ویسه,m,veyse
ویشتاسب,m,vishtasb
ویهان,m,vihan
کارن,m,karan
کارنگ,m,karang
کارینا,m,karina
کاظم,m,kazem
کامبیز,m,kambiz
کامدین,m,kamdin
کامران,m,kamran
کامروا,m,kamrava
کامروا,m,kamrava
کامنوش,m,kamnush
کاموس,m,kamus
کامکار,m,kamkar
کامیاب,m,kamyab
کامیار,m,kamyar
کاوه,m,kave
کاووس,m,kavus
کاویان,m,kavian
کدیور,m,kadivar
کرامت,m,keramat
کریم,m,karim
کسری,m,kasra
کلباد,m,kalbad
کلیم الله,m,kalimollah
کمال,m,kamal
کمبوجیه,m,kambujiye
کمیل,m,komeyl
کهار,m,kahar
کهرم,m,kohram
کوروس,m,kuros
کوروش,m,kurosh
کوشا,m,kusha
کوشان,m,kushan
کیا,m,kiya
کیاچهر,m,kiyachehr
کیاراد,m,kiyarad
کیارخ,m,kiyarokh
کیارس,m,kiyaras
کیارش,m,kiyarash
کیارنگ,m,kiyarang
کیازاد,m,kiyazad
کیاشا,m,kiyasha
کیان,m,kian
کیانوش,m,kiyanush
کیاوش,m,kiyavash
کیخسرو,m,keykhosro
کیسان,m,keysan
کیقباد,m,keyqobad
کیهان,m,keyhan
کیوان,m,keyvan
کیومرث,m,kioomars
کیکاووس,m,keykavus
یادگار,m,yadegar
یارا,m,yara
یاسان,m,yasan
یاسر,m,yaser
یاسین,m,yasin
یاشا,m,yasha
یاشار,m,yashar
یاقوت,m,yaqut
یاور,m,yavar
یحیی,m,yahya
یدالله,m,yadollah
یرمیا,m,yarmiya
یزداد,m,yazdad
یزدان,m,yazdan
یزدجرد,m,yazdjerd
یزدگرد,m,yazdgerd
یعقوب,m,yaqub
ینال,m,yanal
یوسف,m,yousef
یوشع,m,yushee
یونا,m,yuna
یونس,m,younes
یکتا,m,yekta
سلنا,f,selena
سرنا,f,serena
سلین,f,selin
رادین,m,radin
قیصر,m,gheysar
کتی,f,kati
,e,page
,e,esteghlal
,e,perspolis
,f,miss
,f,sila
,m,mr
,m,ebi
,f,zoya
,f,ftmh
,f,seren
,f,serna
,f,dokhtar
,f,aysu
,f,serve
,f,sarve
,e,market
,e,shoes
,e,cloth
,e,cloth
,e,service
,e,restaurant
,e,resturan
,e,shop
,e,fastfood
,e,khodro
,e,food
,m,seyed
,e,page
,e,wear
,e,trade
,e,keratin
,e,show
,m,barbad
,m,monaz
,f,nazli
,e,marketing
